{"last_tab":"","common_header_display_none_hide":"","common_header_top_hide":"1","common_header_onepage_menu_hide":"0","common_header_trs_onep_menu_hide":"","common_header_menu_hide":"0","common_header_ts_menu_hide":"0","common_header_default_menu_hide":"1","common_box_layout":"htopt_box","common_main_box_layout":"hmenul_box","common_top_right_layout":"h_top_l1","common_header_top_road":"","common_header_top_email":"yourinfo@gmail.com","common_header_top_mobile":"+998556774542","common_header_top_wellcome":"wellcome visit our site","common_header_top_color":"","common_header_top_hover_color":"","common_header_top_well_color":"","common_hoeder_top_bg_color":{"background-color":"","background-repeat":"","background-size":"","background-attachment":"","background-position":"","background-image":"","media":{"id":"","height":"","width":"","thumbnail":""}},"common_header_top_section_spacing":{"padding-top":"","padding-right":"","padding-bottom":"","padding-left":"","units":"px"},"common_logo":{"url":"http:\/\/raytheme.com\/wp\/common\/wp-content\/uploads\/2017\/05\/logo.png","id":"42","height":"23","width":"114","thumbnail":"http:\/\/raytheme.com\/wp\/common\/wp-content\/uploads\/2017\/05\/logo.png"},"common_onepage_logo":{"url":"http:\/\/raytheme.com\/wp\/common\/wp-content\/uploads\/2017\/05\/logo.png","id":"42","height":"23","width":"114","thumbnail":"http:\/\/raytheme.com\/wp\/common\/wp-content\/uploads\/2017\/05\/logo.png"},"common_ts_logo":{"url":"http:\/\/raytheme.com\/wp\/common\/wp-content\/uploads\/2017\/05\/logo.png","id":"42","height":"23","width":"114","thumbnail":"http:\/\/raytheme.com\/wp\/common\/wp-content\/uploads\/2017\/05\/logo.png"},"common_logo_height":"","common_logo_widget":"","common_line_height":"99px","common_main_menu_layout":"m_menu_1","common_menu_bg_color":{"background-color":"","background-repeat":"","background-size":"","background-attachment":"","background-position":"","background-image":"","media":{"id":"","height":"","width":"","thumbnail":""}},"common_menu_typography":{"font-family":"","font-options":"","google":"1","font-backup":"","font-weight":"","font-style":"","subsets":"","text-align":"","font-size":"","color":"#333333"},"common_menu_bg_sticky_color":{"color":"#bb1717","alpha":"0.77","rgba":"rgba(187,23,23,0.77)"},"common_menu_sticky_text_color":"#81d742","common_menu_text_hover_color":"#dd3333","common_submenu_bg_color":{"background-color":"","background-repeat":"","background-size":"","background-attachment":"","background-position":"","background-image":"","media":{"id":"","height":"","width":"","thumbnail":""}},"common_sub_menu_typography":{"font-family":"","font-options":"","google":"1","font-backup":"","font-weight":"","font-style":"","subsets":"","text-align":"","font-size":"","line-height":"","color":""},"common_submenu_hover_text_color":"","menu_spacing":{"padding-top":"","padding-right":"","padding-bottom":"","padding-left":"","units":"px"},"common_breadcrumb_bg":{"background-color":"","background-repeat":"","background-size":"cover","background-attachment":"","background-position":"","background-image":"http:\/\/raytheme.com\/wp\/common\/wp-content\/uploads\/2017\/05\/counter.jpg","media":{"id":"150","height":"309","width":"1920","thumbnail":"http:\/\/raytheme.com\/wp\/common\/wp-content\/uploads\/2017\/05\/counter-150x150.jpg"}},"common_bread_title_page_color":"","common_breadcrumb_typography":{"font-family":"","font-options":"","google":"1","font-backup":"","font-weight":"","font-style":"","subsets":"","font-size":"","color":"#ffffff"},"common_bread_current_page_color":"#41abff","spacing":{"padding-top":"70px","padding-right":"","padding-bottom":"70px","padding-left":"","units":"px"},"common_body_typography":{"font-family":"Poppins","font-options":"","google":"1","font-backup":"","font-weight":"400","font-style":"","subsets":"","text-align":"","font-size":"","color":""},"common_heading_typography":{"font-family":"Raleway","font-options":"","google":"1","font-backup":"","font-weight":"700","font-style":"","subsets":"","text-align":"","font-size":"","color":""},"btn_p":"","btn_p_bg":"","btn_p_br":"","btn_p_hover_text":"","btn_p_bgh":"","btn_s":"","btn_s_hover_text":"","btn_s_bgh":"","theme_brand_color":"","theme_brand_bg_color":"","theme_brand_hv_color":"","theme_brand_bg_hv_color":"","section_title_hl_color":"#41abff","common_blog_bgcolor":{"background-color":"","background-repeat":"","background-size":"","background-attachment":"","background-position":"","background-image":"","media":{"id":"","height":"","width":"","thumbnail":""}},"common_blog_title_color":"","common_blog_title_hover_color":"","common_blog_widget_bgcolor":{"background-color":"","background-repeat":"","background-size":"","background-attachment":"","background-position":"","background-image":"","media":{"id":"","height":"","width":"","thumbnail":""}},"common_sidebar_widgett_text_color":"","common_sidebar_widget_li_color":"","common_sidebar_widget_li_hover_color":"","common_blog_social_icon_color":"","common_blog_social_hover_color":"","common_blog_pagina_color":"","common_blog_pagina_hover_color":"","common_background_404":{"background-color":"","background-repeat":"","background-size":"","background-attachment":"","background-position":"","background-image":"","media":{"id":"","height":"","width":"","thumbnail":""}},"common_not_title":"","common_sub_not_title":"","common_not_link_color":"","404_info":"<h2>404<\/h2> <p>Oops! The page you are Looking for does not exist.<\/p>","common_notfound_spacing":{"padding-top":"","padding-right":"","padding-bottom":"","padding-left":"","units":"px"},"common_address_hide":"0","common_social_hide":"0","common_widget_hide":"1","common_copyright_hide":"1","common_footer_box_layout":"footer_box","common_address_logo_style":"s_logo_s1","common_address_title_text":"C<span>O<\/span>M<span>M<\/span>O<span>N<\/span>","common_address_logo":{"url":"","id":"","height":"","width":"","thumbnail":""},"common_address_road":"1st Floor New World Tower Rang.","common_address_email":"youremail@common.com","common_address_mobile":"+998 556 778 345","common_address_title_text_color":"","common_address_title2_text_color":"","common_address_text_color":"","common_address_bg_color":{"background-color":"","background-repeat":"","background-size":"","background-attachment":"","background-position":"","background-image":"","media":{"id":"","height":"","width":"","thumbnail":""}},"common_address_section_spacing":{"padding-top":"","padding-right":"","padding-bottom":"","padding-left":"","units":"px"},"common_social_logo_style":"s_logo_s1","common_social_title_text":"C<span>O<\/span>M<span>M<\/span>O<span>N<\/span>","common_social_logo":{"url":"","id":"","height":"","width":"","thumbnail":""},"common_social_text":"Praesent ornare ipsum at nulla pulvinar, imperdiet hendrerit suscipit Praesent ornare ipsum at nulla pulvinar, imperdiet hendrerit dui suscipit Praesent ornare m. a. hossain","common_social_icons":{"facebook":"https:\/\/www.facebook.com\/","twitter":"https:\/\/twitter.com\/","instagram":"https:\/\/instagram.com\/","tumblr":"","pinterest":"","google-plus":"https:\/\/plus.google.com\/","linkedin":"","behance":"","dribbble":"https:\/\/dribbble.com\/","youtube":"","vimeo":"","rss":""},"common_social_title_text_color":"","common_social_title2_text_color":"","common_social_text_color":"","common_social_icon_color":"","common_social_bg_color":{"background-color":"","background-repeat":"","background-size":"","background-attachment":"","background-position":"","background-image":"","media":{"id":"","height":"","width":"","thumbnail":""}},"common_social_section_spacing":{"padding-top":"","padding-right":"","padding-bottom":"","padding-left":"","units":"px"},"common_widget_column_count":"4","common_widgett_text_color":"","common_copyright_widget_li_color":"","common_copyright_widget_li_hover_color":"","common_widget_bg_color":{"background-color":"","background-repeat":"","background-size":"","background-attachment":"","background-position":"","background-image":"","media":{"id":"","height":"","width":"","thumbnail":""}},"common_widget_section_spacing":{"padding-top":"","padding-right":"","padding-bottom":"","padding-left":"","units":"px"},"common_footer_copyright_style":"copy_s4","common_copyright_text":"Copyright \u00a9\u00a0<a href=\"http:\/\/tradetheme.com\" target=\"_blank\" rel=\"noopener\">common <\/a>All Rights Reserved.","common_copyright_text_color":"","common_copyright_text_hover_color":"","common_copyright_bg_color":{"background-color":"","background-repeat":"","background-size":"","background-attachment":"","background-position":"","background-image":"","media":{"id":"","height":"","width":"","thumbnail":""}},"common_copyright_section_spacing":{"padding-top":"","padding-right":"","padding-bottom":"","padding-left":"","units":"px"},"opt-customizer-only":"2","redux-backup":"1"}